-- MySQL dump 10.16  Distrib 10.1.22-MariaDB, for debian-linux-gnu (x86_64)
--
-- Host: 127.0.0.1    Database: dexhackathon
-- ------------------------------------------------------
-- Server version	10.1.22-MariaDB-

/*!40101 SET @OLD_CHARACTER_SET_CLIENT=@@CHARACTER_SET_CLIENT */;
/*!40101 SET @OLD_CHARACTER_SET_RESULTS=@@CHARACTER_SET_RESULTS */;
/*!40101 SET @OLD_COLLATION_CONNECTION=@@COLLATION_CONNECTION */;
/*!40101 SET NAMES utf8mb4 */;
/*!40103 SET @OLD_TIME_ZONE=@@TIME_ZONE */;
/*!40103 SET TIME_ZONE='+00:00' */;
/*!40014 SET @OLD_UNIQUE_CHECKS=@@UNIQUE_CHECKS, UNIQUE_CHECKS=0 */;
/*!40014 SET @OLD_FOREIGN_KEY_CHECKS=@@FOREIGN_KEY_CHECKS, FOREIGN_KEY_CHECKS=0 */;
/*!40101 SET @OLD_SQL_MODE=@@SQL_MODE, SQL_MODE='NO_AUTO_VALUE_ON_ZERO' */;
/*!40111 SET @OLD_SQL_NOTES=@@SQL_NOTES, SQL_NOTES=0 */;

--
-- Table structure for table `data_rows`
--

DROP TABLE IF EXISTS `data_rows`;
/*!40101 SET @saved_cs_client     = @@character_set_client */;
/*!40101 SET character_set_client = utf8 */;
CREATE TABLE `data_rows` (
  `id` int(10) unsigned NOT NULL AUTO_INCREMENT,
  `data_type_id` int(10) unsigned NOT NULL,
  `field` varchar(191) COLLATE utf8mb4_unicode_ci NOT NULL,
  `type` varchar(191) COLLATE utf8mb4_unicode_ci NOT NULL,
  `display_name` varchar(191) COLLATE utf8mb4_unicode_ci NOT NULL,
  `required` tinyint(1) NOT NULL DEFAULT '0',
  `browse` tinyint(1) NOT NULL DEFAULT '1',
  `read` tinyint(1) NOT NULL DEFAULT '1',
  `edit` tinyint(1) NOT NULL DEFAULT '1',
  `add` tinyint(1) NOT NULL DEFAULT '1',
  `delete` tinyint(1) NOT NULL DEFAULT '1',
  `details` text COLLATE utf8mb4_unicode_ci,
  `order` int(11) NOT NULL DEFAULT '1',
  PRIMARY KEY (`id`),
  KEY `data_rows_data_type_id_foreign` (`data_type_id`),
  CONSTRAINT `data_rows_data_type_id_foreign` FOREIGN KEY (`data_type_id`) REFERENCES `data_types` (`id`) ON DELETE CASCADE ON UPDATE CASCADE
) ENGINE=InnoDB AUTO_INCREMENT=46 DEFAULT CHARSET=utf8mb4 COLLATE=utf8mb4_unicode_ci;
/*!40101 SET character_set_client = @saved_cs_client */;

--
-- Dumping data for table `data_rows`
--

LOCK TABLES `data_rows` WRITE;
/*!40000 ALTER TABLE `data_rows` DISABLE KEYS */;
INSERT INTO `data_rows` VALUES (1,1,'id','number','ID',1,0,0,0,0,0,NULL,1),(2,1,'name','text','Name',1,1,1,1,1,1,NULL,2),(3,1,'email','text','Email',1,1,1,1,1,1,NULL,3),(4,1,'password','password','Password',1,0,0,1,1,0,NULL,4),(5,1,'remember_token','text','Remember Token',0,0,0,0,0,0,NULL,5),(6,1,'created_at','timestamp','Created At',0,1,1,0,0,0,NULL,6),(7,1,'updated_at','timestamp','Updated At',0,0,0,0,0,0,NULL,7),(8,1,'avatar','image','Avatar',0,1,1,1,1,1,NULL,8),(9,1,'user_belongsto_role_relationship','relationship','Role',0,1,1,1,1,0,'{\"model\":\"TCG\\\\Voyager\\\\Models\\\\Role\",\"table\":\"roles\",\"type\":\"belongsTo\",\"column\":\"role_id\",\"key\":\"id\",\"label\":\"display_name\",\"pivot_table\":\"roles\",\"pivot\":0}',10),(10,1,'user_belongstomany_role_relationship','relationship','Roles',0,1,1,1,1,0,'{\"model\":\"TCG\\\\Voyager\\\\Models\\\\Role\",\"table\":\"roles\",\"type\":\"belongsToMany\",\"column\":\"id\",\"key\":\"id\",\"label\":\"display_name\",\"pivot_table\":\"user_roles\",\"pivot\":\"1\",\"taggable\":\"0\"}',11),(11,1,'settings','hidden','Settings',0,0,0,0,0,0,NULL,12),(12,2,'id','number','ID',1,0,0,0,0,0,NULL,1),(13,2,'name','text','Name',1,1,1,1,1,1,NULL,2),(14,2,'created_at','timestamp','Created At',0,0,0,0,0,0,NULL,3),(15,2,'updated_at','timestamp','Updated At',0,0,0,0,0,0,NULL,4),(16,3,'id','number','ID',1,0,0,0,0,0,NULL,1),(17,3,'name','text','Name',1,1,1,1,1,1,NULL,2),(18,3,'created_at','timestamp','Created At',0,0,0,0,0,0,NULL,3),(19,3,'updated_at','timestamp','Updated At',0,0,0,0,0,0,NULL,4),(20,3,'display_name','text','Display Name',1,1,1,1,1,1,NULL,5),(21,1,'role_id','text','Role',1,1,1,1,1,1,NULL,9),(22,4,'id','text','Id',1,0,0,0,0,0,'{}',1),(23,4,'parent_id','text','Parent Id',0,1,1,1,1,1,'{}',2),(24,4,'order','text','Order',1,1,1,1,1,1,'{}',3),(25,4,'name','text','Name',1,1,1,1,1,1,'{}',4),(26,4,'slug','text','Slug',1,1,1,1,1,1,'{}',5),(27,4,'created_at','timestamp','Created At',0,1,1,1,0,1,'{}',6),(28,4,'updated_at','timestamp','Updated At',0,0,0,0,0,0,'{}',7),(29,5,'id','text','Id',1,0,0,0,0,0,'{}',1),(30,5,'user_id','text','User Id',1,0,0,0,0,0,'{}',2),(31,5,'address','text','Address',1,1,1,1,1,1,'{}',4),(32,5,'city','text','City',1,1,1,1,1,1,'{}',5),(33,5,'health_issues','text','Health Issues',1,1,1,1,1,1,'{}',6),(34,5,'created_at','timestamp','Created At',0,1,1,1,0,1,'{}',7),(35,5,'updated_at','timestamp','Updated At',0,0,0,0,0,0,'{}',8),(36,5,'customer_belongsto_user_relationship','relationship','users',0,1,1,1,1,1,'{\"model\":\"App\\\\User\",\"table\":\"users\",\"type\":\"belongsTo\",\"column\":\"user_id\",\"key\":\"id\",\"label\":\"name\",\"pivot_table\":\"blog_posts\",\"pivot\":\"0\",\"taggable\":\"0\"}',3),(37,6,'id','text','Id',1,0,0,0,0,0,'{}',1),(38,6,'user_id','text','User Id',1,0,0,0,0,0,'{}',2),(39,6,'category_id','text','Category Id',1,0,0,0,0,0,'{}',4),(40,6,'product_name','text','Product Name',1,1,1,1,1,1,'{}',6),(41,6,'amount','text','Amount',1,1,1,1,1,1,'{}',7),(42,6,'created_at','timestamp','Created At',0,1,1,1,0,1,'{}',8),(43,6,'updated_at','timestamp','Updated At',0,0,0,0,0,0,'{}',9),(44,6,'product_belongsto_user_relationship','relationship','users',0,1,1,1,1,1,'{\"model\":\"App\\\\User\",\"table\":\"users\",\"type\":\"belongsTo\",\"column\":\"user_id\",\"key\":\"id\",\"label\":\"name\",\"pivot_table\":\"blog_posts\",\"pivot\":\"0\",\"taggable\":\"0\"}',3),(45,6,'product_belongsto_category_relationship','relationship','categories',0,1,1,1,1,1,'{\"model\":\"App\\\\Category\",\"table\":\"categories\",\"type\":\"belongsTo\",\"column\":\"category_id\",\"key\":\"id\",\"label\":\"name\",\"pivot_table\":\"blog_posts\",\"pivot\":\"0\",\"taggable\":\"0\"}',5);
/*!40000 ALTER TABLE `data_rows` ENABLE KEYS */;
UNLOCK TABLES;

--
-- Table structure for table `data_types`
--

DROP TABLE IF EXISTS `data_types`;
/*!40101 SET @saved_cs_client     = @@character_set_client */;
/*!40101 SET character_set_client = utf8 */;
CREATE TABLE `data_types` (
  `id` int(10) unsigned NOT NULL AUTO_INCREMENT,
  `name` varchar(191) COLLATE utf8mb4_unicode_ci NOT NULL,
  `slug` varchar(191) COLLATE utf8mb4_unicode_ci NOT NULL,
  `display_name_singular` varchar(191) COLLATE utf8mb4_unicode_ci NOT NULL,
  `display_name_plural` varchar(191) COLLATE utf8mb4_unicode_ci NOT NULL,
  `icon` varchar(191) COLLATE utf8mb4_unicode_ci DEFAULT NULL,
  `model_name` varchar(191) COLLATE utf8mb4_unicode_ci DEFAULT NULL,
  `policy_name` varchar(191) COLLATE utf8mb4_unicode_ci DEFAULT NULL,
  `controller` varchar(191) COLLATE utf8mb4_unicode_ci DEFAULT NULL,
  `description` varchar(191) COLLATE utf8mb4_unicode_ci DEFAULT NULL,
  `generate_permissions` tinyint(1) NOT NULL DEFAULT '0',
  `server_side` tinyint(4) NOT NULL DEFAULT '0',
  `details` text COLLATE utf8mb4_unicode_ci,
  `created_at` timestamp NULL DEFAULT NULL,
  `updated_at` timestamp NULL DEFAULT NULL,
  PRIMARY KEY (`id`),
  UNIQUE KEY `data_types_name_unique` (`name`),
  UNIQUE KEY `data_types_slug_unique` (`slug`)
) ENGINE=InnoDB AUTO_INCREMENT=7 DEFAULT CHARSET=utf8mb4 COLLATE=utf8mb4_unicode_ci;
/*!40101 SET character_set_client = @saved_cs_client */;

--
-- Dumping data for table `data_types`
--

LOCK TABLES `data_types` WRITE;
/*!40000 ALTER TABLE `data_types` DISABLE KEYS */;
INSERT INTO `data_types` VALUES (1,'users','users','User','Users','voyager-person','TCG\\Voyager\\Models\\User','TCG\\Voyager\\Policies\\UserPolicy','TCG\\Voyager\\Http\\Controllers\\VoyagerUserController','',1,0,NULL,'2019-05-10 00:07:14','2019-05-10 00:07:14'),(2,'menus','menus','Menu','Menus','voyager-list','TCG\\Voyager\\Models\\Menu',NULL,'','',1,0,NULL,'2019-05-10 00:07:14','2019-05-10 00:07:14'),(3,'roles','roles','Role','Roles','voyager-lock','TCG\\Voyager\\Models\\Role',NULL,'','',1,0,NULL,'2019-05-10 00:07:14','2019-05-10 00:07:14'),(4,'categories','categories','Category','Categories','voyager-categories','App\\Category',NULL,NULL,NULL,1,0,'{\"order_column\":null,\"order_display_column\":null,\"order_direction\":\"asc\",\"default_search_key\":null,\"scope\":null}','2019-05-10 00:14:08','2019-05-10 00:42:27'),(5,'customers','customers','Customer','Customers','voyager-people','App\\Customer',NULL,NULL,NULL,1,0,'{\"order_column\":null,\"order_display_column\":null,\"order_direction\":\"asc\",\"default_search_key\":null,\"scope\":null}','2019-05-10 00:19:17','2019-05-10 00:22:43'),(6,'products','products','Product','Products','voyager-pizza','App\\Product',NULL,NULL,NULL,1,0,'{\"order_column\":null,\"order_display_column\":null,\"order_direction\":\"asc\",\"default_search_key\":null,\"scope\":null}','2019-05-10 00:33:10','2019-05-10 00:38:41');
/*!40000 ALTER TABLE `data_types` ENABLE KEYS */;
UNLOCK TABLES;

--
-- Table structure for table `menu_items`
--

DROP TABLE IF EXISTS `menu_items`;
/*!40101 SET @saved_cs_client     = @@character_set_client */;
/*!40101 SET character_set_client = utf8 */;
CREATE TABLE `menu_items` (
  `id` int(10) unsigned NOT NULL AUTO_INCREMENT,
  `menu_id` int(10) unsigned DEFAULT NULL,
  `title` varchar(191) COLLATE utf8mb4_unicode_ci NOT NULL,
  `url` varchar(191) COLLATE utf8mb4_unicode_ci NOT NULL,
  `target` varchar(191) COLLATE utf8mb4_unicode_ci NOT NULL DEFAULT '_self',
  `icon_class` varchar(191) COLLATE utf8mb4_unicode_ci DEFAULT NULL,
  `color` varchar(191) COLLATE utf8mb4_unicode_ci DEFAULT NULL,
  `parent_id` int(11) DEFAULT NULL,
  `order` int(11) NOT NULL,
  `created_at` timestamp NULL DEFAULT NULL,
  `updated_at` timestamp NULL DEFAULT NULL,
  `route` varchar(191) COLLATE utf8mb4_unicode_ci DEFAULT NULL,
  `parameters` text COLLATE utf8mb4_unicode_ci,
  PRIMARY KEY (`id`),
  KEY `menu_items_menu_id_foreign` (`menu_id`),
  CONSTRAINT `menu_items_menu_id_foreign` FOREIGN KEY (`menu_id`) REFERENCES `menus` (`id`) ON DELETE CASCADE
) ENGINE=InnoDB AUTO_INCREMENT=15 DEFAULT CHARSET=utf8mb4 COLLATE=utf8mb4_unicode_ci;
/*!40101 SET character_set_client = @saved_cs_client */;

--
-- Dumping data for table `menu_items`
--

LOCK TABLES `menu_items` WRITE;
/*!40000 ALTER TABLE `menu_items` DISABLE KEYS */;
INSERT INTO `menu_items` VALUES (1,1,'Dashboard','','_self','voyager-boat',NULL,NULL,1,'2019-05-10 00:07:14','2019-05-10 00:07:14','voyager.dashboard',NULL),(2,1,'Media','','_self','voyager-images',NULL,NULL,5,'2019-05-10 00:07:14','2019-05-10 00:07:14','voyager.media.index',NULL),(3,1,'Users','','_self','voyager-person',NULL,NULL,3,'2019-05-10 00:07:14','2019-05-10 00:07:14','voyager.users.index',NULL),(4,1,'Roles','','_self','voyager-lock',NULL,NULL,2,'2019-05-10 00:07:14','2019-05-10 00:07:14','voyager.roles.index',NULL),(5,1,'Tools','','_self','voyager-tools',NULL,NULL,9,'2019-05-10 00:07:14','2019-05-10 00:07:14',NULL,NULL),(6,1,'Menu Builder','','_self','voyager-list',NULL,5,10,'2019-05-10 00:07:14','2019-05-10 00:07:14','voyager.menus.index',NULL),(7,1,'Database','','_self','voyager-data',NULL,5,11,'2019-05-10 00:07:14','2019-05-10 00:07:14','voyager.database.index',NULL),(8,1,'Compass','','_self','voyager-compass',NULL,5,12,'2019-05-10 00:07:14','2019-05-10 00:07:14','voyager.compass.index',NULL),(9,1,'BREAD','','_self','voyager-bread',NULL,5,13,'2019-05-10 00:07:14','2019-05-10 00:07:14','voyager.bread.index',NULL),(10,1,'Settings','','_self','voyager-settings',NULL,NULL,14,'2019-05-10 00:07:14','2019-05-10 00:07:14','voyager.settings.index',NULL),(11,1,'Hooks','','_self','voyager-hook',NULL,5,13,'2019-05-10 00:07:16','2019-05-10 00:07:16','voyager.hooks',NULL),(12,1,'Categories','','_self','voyager-categories','#000000',NULL,15,'2019-05-10 00:14:08','2019-05-10 00:43:48','voyager.categories.index','null'),(13,1,'Customers','','_self','voyager-people',NULL,NULL,16,'2019-05-10 00:19:18','2019-05-10 00:19:18','voyager.customers.index',NULL),(14,1,'Products','','_self','voyager-pizza',NULL,NULL,17,'2019-05-10 00:33:10','2019-05-10 00:33:10','voyager.products.index',NULL);
/*!40000 ALTER TABLE `menu_items` ENABLE KEYS */;
UNLOCK TABLES;
/*!40103 SET TIME_ZONE=@OLD_TIME_ZONE */;

/*!40101 SET SQL_MODE=@OLD_SQL_MODE */;
/*!40014 SET FOREIGN_KEY_CHECKS=@OLD_FOREIGN_KEY_CHECKS */;
/*!40014 SET UNIQUE_CHECKS=@OLD_UNIQUE_CHECKS */;
/*!40101 SET CHARACTER_SET_CLIENT=@OLD_CHARACTER_SET_CLIENT */;
/*!40101 SET CHARACTER_SET_RESULTS=@OLD_CHARACTER_SET_RESULTS */;
/*!40101 SET COLLATION_CONNECTION=@OLD_COLLATION_CONNECTION */;
/*!40111 SET SQL_NOTES=@OLD_SQL_NOTES */;

-- Dump completed on 2019-05-10  8:08:32
