-- MySQL dump 10.16  Distrib 10.1.22-MariaDB, for debian-linux-gnu (x86_64)
--
-- Host: 127.0.0.1    Database: dexhackathon
-- ------------------------------------------------------
-- Server version	10.1.22-MariaDB-

/*!40101 SET @OLD_CHARACTER_SET_CLIENT=@@CHARACTER_SET_CLIENT */;
/*!40101 SET @OLD_CHARACTER_SET_RESULTS=@@CHARACTER_SET_RESULTS */;
/*!40101 SET @OLD_COLLATION_CONNECTION=@@COLLATION_CONNECTION */;
/*!40101 SET NAMES utf8mb4 */;
/*!40103 SET @OLD_TIME_ZONE=@@TIME_ZONE */;
/*!40103 SET TIME_ZONE='+00:00' */;
/*!40014 SET @OLD_UNIQUE_CHECKS=@@UNIQUE_CHECKS, UNIQUE_CHECKS=0 */;
/*!40014 SET @OLD_FOREIGN_KEY_CHECKS=@@FOREIGN_KEY_CHECKS, FOREIGN_KEY_CHECKS=0 */;
/*!40101 SET @OLD_SQL_MODE=@@SQL_MODE, SQL_MODE='NO_AUTO_VALUE_ON_ZERO' */;
/*!40111 SET @OLD_SQL_NOTES=@@SQL_NOTES, SQL_NOTES=0 */;

--
-- Table structure for table `blog_posts`
--

DROP TABLE IF EXISTS `blog_posts`;
/*!40101 SET @saved_cs_client     = @@character_set_client */;
/*!40101 SET character_set_client = utf8 */;
CREATE TABLE `blog_posts` (
  `id` int(10) unsigned NOT NULL AUTO_INCREMENT,
  `author_id` int(11) NOT NULL,
  `category_id` int(11) DEFAULT NULL,
  `title` varchar(191) COLLATE utf8mb4_unicode_ci NOT NULL,
  `seo_title` varchar(191) COLLATE utf8mb4_unicode_ci DEFAULT NULL,
  `excerpt` text COLLATE utf8mb4_unicode_ci NOT NULL,
  `body` text COLLATE utf8mb4_unicode_ci NOT NULL,
  `image` varchar(191) COLLATE utf8mb4_unicode_ci DEFAULT NULL,
  `slug` varchar(191) COLLATE utf8mb4_unicode_ci NOT NULL,
  `meta_description` text COLLATE utf8mb4_unicode_ci NOT NULL,
  `status` enum('PUBLISHED','DRAFT','PENDING') COLLATE utf8mb4_unicode_ci NOT NULL DEFAULT 'DRAFT',
  `featured` tinyint(1) NOT NULL DEFAULT '0',
  `created_at` timestamp NULL DEFAULT NULL,
  `updated_at` timestamp NULL DEFAULT NULL,
  `tags` text COLLATE utf8mb4_unicode_ci,
  `published_date` timestamp NULL DEFAULT CURRENT_TIMESTAMP,
  PRIMARY KEY (`id`),
  UNIQUE KEY `blog_posts_slug_unique` (`slug`)
) ENGINE=InnoDB AUTO_INCREMENT=3 DEFAULT CHARSET=utf8mb4 COLLATE=utf8mb4_unicode_ci;
/*!40101 SET character_set_client = @saved_cs_client */;

--
-- Dumping data for table `blog_posts`
--

LOCK TABLES `blog_posts` WRITE;
/*!40000 ALTER TABLE `blog_posts` DISABLE KEYS */;
INSERT INTO `blog_posts` VALUES (1,0,1,'My First Blog Post',NULL,'An example blog post','<p>Matey yardarm topmast broadside nipper weigh anchor jack quarterdeck crow\'s nest rigging. Topgallant lateen sail line avast me gun Pirate Round strike colors bilge rat take a caulk. Jack six pounders spanker doubloon clipper spirits case shot hang the jib boatswain red ensign.</p>\n<p>Hornswaggle spanker spyglass Yellow Jack mutiny Arr lugger poop deck keel take a caulk. Quarter fire ship run a shot across the bow sheet log draft scallywag gally port skysail. Lugsail gangway draft pink piracy bilge Buccaneer heave to landlubber or just lubber Pieces of Eight.</p>',NULL,'my-first-blog-post','A test blog post','PUBLISHED',0,'2019-05-09 15:49:00','2019-05-09 15:49:00',NULL,'2018-05-10 23:00:00'),(2,0,1,'My Second Blog Post',NULL,'An example blog post','<p>Matey yardarm topmast broadside nipper weigh anchor jack quarterdeck crow\'s nest rigging. Topgallant lateen sail line avast me gun Pirate Round strike colors bilge rat take a caulk. Jack six pounders spanker doubloon clipper spirits case shot hang the jib boatswain red ensign.</p>\n<p>Hornswaggle spanker spyglass Yellow Jack mutiny Arr lugger poop deck keel take a caulk. Quarter fire ship run a shot across the bow sheet log draft scallywag gally port skysail. Lugsail gangway draft pink piracy bilge Buccaneer heave to landlubber or just lubber Pieces of Eight.</p>',NULL,'my-second-blog-post','A test blog post','PUBLISHED',0,'2019-05-09 15:49:00','2019-05-09 15:49:00',NULL,'2018-05-10 23:00:00');
/*!40000 ALTER TABLE `blog_posts` ENABLE KEYS */;
UNLOCK TABLES;

--
-- Table structure for table `categories`
--

DROP TABLE IF EXISTS `categories`;
/*!40101 SET @saved_cs_client     = @@character_set_client */;
/*!40101 SET character_set_client = utf8 */;
CREATE TABLE `categories` (
  `id` int(10) unsigned NOT NULL AUTO_INCREMENT,
  `parent_id` int(10) unsigned DEFAULT NULL,
  `order` int(11) NOT NULL DEFAULT '1',
  `name` varchar(191) COLLATE utf8mb4_unicode_ci NOT NULL,
  `slug` varchar(191) COLLATE utf8mb4_unicode_ci NOT NULL,
  `created_at` timestamp NULL DEFAULT NULL,
  `updated_at` timestamp NULL DEFAULT NULL,
  PRIMARY KEY (`id`),
  UNIQUE KEY `categories_slug_unique` (`slug`),
  KEY `categories_parent_id_foreign` (`parent_id`),
  CONSTRAINT `categories_parent_id_foreign` FOREIGN KEY (`parent_id`) REFERENCES `categories` (`id`) ON DELETE SET NULL ON UPDATE CASCADE
) ENGINE=InnoDB AUTO_INCREMENT=7 DEFAULT CHARSET=utf8mb4 COLLATE=utf8mb4_unicode_ci;
/*!40101 SET character_set_client = @saved_cs_client */;

--
-- Dumping data for table `categories`
--

LOCK TABLES `categories` WRITE;
/*!40000 ALTER TABLE `categories` DISABLE KEYS */;
INSERT INTO `categories` VALUES (1,NULL,1,'Tuber crops','tuber-crops','2019-05-10 07:22:03','2019-05-10 07:22:03'),(2,NULL,1,'Spices','spices','2019-05-10 07:22:03','2019-05-10 07:22:03'),(3,NULL,1,'Fruits','fruits','2019-05-10 07:22:03','2019-05-10 07:22:03'),(4,NULL,1,'Vegetables','vegetables','2019-05-10 07:22:03','2019-05-10 07:22:03'),(5,NULL,1,'Ornamental plants','ornamental-plants','2019-05-10 07:22:03','2019-05-10 07:22:03'),(6,NULL,1,'Grains','grains','2019-05-10 07:22:03','2019-05-10 07:22:03');
/*!40000 ALTER TABLE `categories` ENABLE KEYS */;
UNLOCK TABLES;

--
-- Table structure for table `customers`
--

DROP TABLE IF EXISTS `customers`;
/*!40101 SET @saved_cs_client     = @@character_set_client */;
/*!40101 SET character_set_client = utf8 */;
CREATE TABLE `customers` (
  `id` bigint(20) unsigned NOT NULL AUTO_INCREMENT,
  `user_id` bigint(20) unsigned NOT NULL,
  `address` varchar(191) COLLATE utf8mb4_unicode_ci NOT NULL,
  `city` varchar(191) COLLATE utf8mb4_unicode_ci NOT NULL,
  `health_issues` varchar(191) COLLATE utf8mb4_unicode_ci NOT NULL,
  `created_at` timestamp NULL DEFAULT NULL,
  `updated_at` timestamp NULL DEFAULT NULL,
  PRIMARY KEY (`id`)
) ENGINE=InnoDB AUTO_INCREMENT=11 DEFAULT CHARSET=utf8mb4 COLLATE=utf8mb4_unicode_ci;
/*!40101 SET character_set_client = @saved_cs_client */;

--
-- Dumping data for table `customers`
--

LOCK TABLES `customers` WRITE;
/*!40000 ALTER TABLE `customers` DISABLE KEYS */;
INSERT INTO `customers` VALUES (1,4,'675 Parisian Landing Suite 918','Utena','Madness','2019-05-10 07:22:02','2019-05-10 07:22:02'),(2,5,'60140 Raina Land','Kanuas','Hypertension','2019-05-10 07:22:03','2019-05-10 07:22:03'),(3,6,'92790 Nichole Valley','Utena','Hypertension','2019-05-10 07:22:03','2019-05-10 07:22:03'),(4,7,'9891 Gislason Pass','Vilinius','Diabetes','2019-05-10 07:22:03','2019-05-10 07:22:03'),(5,8,'68781 Runte Crossing Suite 162','Utena','Madness','2019-05-10 07:22:03','2019-05-10 07:22:03'),(6,9,'781 Annabelle Coves Apt. 743','Kanuas','Hypertension','2019-05-10 07:22:03','2019-05-10 07:22:03'),(7,10,'10191 Rath Tunnel Suite 206','Utena','Diabetes','2019-05-10 07:22:03','2019-05-10 07:22:03'),(8,11,'4487 Lubowitz Harbor Suite 084','Kanuas','Hypertension','2019-05-10 07:22:03','2019-05-10 07:22:03'),(9,12,'358 Macejkovic Walks Suite 747','Kanuas','Hypertension','2019-05-10 07:22:03','2019-05-10 07:22:03'),(10,13,'17576 Augustus Prairie','Utena','Hypertension','2019-05-10 07:22:03','2019-05-10 07:22:03');
/*!40000 ALTER TABLE `customers` ENABLE KEYS */;
UNLOCK TABLES;

--
-- Table structure for table `data_rows`
--

DROP TABLE IF EXISTS `data_rows`;
/*!40101 SET @saved_cs_client     = @@character_set_client */;
/*!40101 SET character_set_client = utf8 */;
CREATE TABLE `data_rows` (
  `id` int(10) unsigned NOT NULL AUTO_INCREMENT,
  `data_type_id` int(10) unsigned NOT NULL,
  `field` varchar(191) COLLATE utf8mb4_unicode_ci NOT NULL,
  `type` varchar(191) COLLATE utf8mb4_unicode_ci NOT NULL,
  `display_name` varchar(191) COLLATE utf8mb4_unicode_ci NOT NULL,
  `required` tinyint(1) NOT NULL DEFAULT '0',
  `browse` tinyint(1) NOT NULL DEFAULT '1',
  `read` tinyint(1) NOT NULL DEFAULT '1',
  `edit` tinyint(1) NOT NULL DEFAULT '1',
  `add` tinyint(1) NOT NULL DEFAULT '1',
  `delete` tinyint(1) NOT NULL DEFAULT '1',
  `details` text COLLATE utf8mb4_unicode_ci,
  `order` int(11) NOT NULL DEFAULT '1',
  PRIMARY KEY (`id`),
  KEY `data_rows_data_type_id_foreign` (`data_type_id`),
  CONSTRAINT `data_rows_data_type_id_foreign` FOREIGN KEY (`data_type_id`) REFERENCES `data_types` (`id`) ON DELETE CASCADE ON UPDATE CASCADE
) ENGINE=InnoDB AUTO_INCREMENT=57 DEFAULT CHARSET=utf8mb4 COLLATE=utf8mb4_unicode_ci;
/*!40101 SET character_set_client = @saved_cs_client */;

--
-- Dumping data for table `data_rows`
--

LOCK TABLES `data_rows` WRITE;
/*!40000 ALTER TABLE `data_rows` DISABLE KEYS */;
INSERT INTO `data_rows` VALUES (1,1,'id','number','ID',1,0,0,0,0,0,NULL,1),(2,1,'name','text','Name',1,1,1,1,1,1,NULL,2),(3,1,'email','text','Email',1,1,1,1,1,1,NULL,3),(4,1,'password','password','Password',1,0,0,1,1,0,NULL,4),(5,1,'remember_token','text','Remember Token',0,0,0,0,0,0,NULL,5),(6,1,'created_at','timestamp','Created At',0,1,1,0,0,0,NULL,6),(7,1,'updated_at','timestamp','Updated At',0,0,0,0,0,0,NULL,7),(8,1,'avatar','image','Avatar',0,1,1,1,1,1,NULL,8),(9,1,'user_belongsto_role_relationship','relationship','Role',0,1,1,1,1,0,'{\"model\":\"TCG\\\\Voyager\\\\Models\\\\Role\",\"table\":\"roles\",\"type\":\"belongsTo\",\"column\":\"role_id\",\"key\":\"id\",\"label\":\"display_name\",\"pivot_table\":\"roles\",\"pivot\":0}',10),(10,1,'user_belongstomany_role_relationship','relationship','Roles',0,1,1,1,1,0,'{\"model\":\"TCG\\\\Voyager\\\\Models\\\\Role\",\"table\":\"roles\",\"type\":\"belongsToMany\",\"column\":\"id\",\"key\":\"id\",\"label\":\"display_name\",\"pivot_table\":\"user_roles\",\"pivot\":\"1\",\"taggable\":\"0\"}',11),(11,1,'settings','hidden','Settings',0,0,0,0,0,0,NULL,12),(12,2,'id','number','ID',1,0,0,0,0,0,NULL,1),(13,2,'name','text','Name',1,1,1,1,1,1,NULL,2),(14,2,'created_at','timestamp','Created At',0,0,0,0,0,0,NULL,3),(15,2,'updated_at','timestamp','Updated At',0,0,0,0,0,0,NULL,4),(16,3,'id','number','ID',1,0,0,0,0,0,NULL,1),(17,3,'name','text','Name',1,1,1,1,1,1,NULL,2),(18,3,'created_at','timestamp','Created At',0,0,0,0,0,0,NULL,3),(19,3,'updated_at','timestamp','Updated At',0,0,0,0,0,0,NULL,4),(20,3,'display_name','text','Display Name',1,1,1,1,1,1,NULL,5),(21,1,'role_id','text','Role',1,1,1,1,1,1,NULL,9),(22,4,'id','text','Id',1,0,0,0,0,0,'{}',1),(23,4,'parent_id','text','Parent Id',0,1,1,1,1,1,'{}',2),(24,4,'order','text','Order',1,1,1,1,1,1,'{}',3),(25,4,'name','text','Name',1,1,1,1,1,1,'{}',4),(26,4,'slug','text','Slug',1,1,1,1,1,1,'{}',5),(27,4,'created_at','timestamp','Created At',0,1,1,1,0,1,'{}',6),(28,4,'updated_at','timestamp','Updated At',0,0,0,0,0,0,'{}',7),(29,5,'id','text','Id',1,0,0,0,0,0,'{}',1),(30,5,'user_id','text','User Id',1,0,0,0,0,0,'{}',2),(31,5,'address','text','Address',1,1,1,1,1,1,'{}',4),(32,5,'city','text','City',1,1,1,1,1,1,'{}',5),(33,5,'health_issues','text','Health Issues',1,1,1,1,1,1,'{}',6),(34,5,'created_at','timestamp','Created At',0,1,1,1,0,1,'{}',7),(35,5,'updated_at','timestamp','Updated At',0,0,0,0,0,0,'{}',8),(36,5,'customer_belongsto_user_relationship','relationship','users',0,1,1,1,1,1,'{\"model\":\"App\\\\User\",\"table\":\"users\",\"type\":\"belongsTo\",\"column\":\"user_id\",\"key\":\"id\",\"label\":\"name\",\"pivot_table\":\"blog_posts\",\"pivot\":\"0\",\"taggable\":\"0\"}',3),(37,6,'id','text','Id',1,0,0,0,0,0,'{}',1),(38,6,'user_id','text','User Id',1,0,0,0,0,0,'{}',2),(39,6,'category_id','text','Category Id',1,0,0,0,0,0,'{}',4),(40,6,'product_name','text','Product Name',1,1,1,1,1,1,'{}',6),(41,6,'amount','text','Amount',1,1,1,1,1,1,'{}',7),(42,6,'created_at','timestamp','Created At',0,1,1,1,0,1,'{}',8),(43,6,'updated_at','timestamp','Updated At',0,0,0,0,0,0,'{}',9),(44,6,'product_belongsto_user_relationship','relationship','users',0,1,1,1,1,1,'{\"model\":\"App\\\\User\",\"table\":\"users\",\"type\":\"belongsTo\",\"column\":\"user_id\",\"key\":\"id\",\"label\":\"name\",\"pivot_table\":\"blog_posts\",\"pivot\":\"0\",\"taggable\":\"0\"}',3),(45,6,'product_belongsto_category_relationship','relationship','categories',0,1,1,1,1,1,'{\"model\":\"App\\\\Category\",\"table\":\"categories\",\"type\":\"belongsTo\",\"column\":\"category_id\",\"key\":\"id\",\"label\":\"name\",\"pivot_table\":\"blog_posts\",\"pivot\":\"0\",\"taggable\":\"0\"}',5),(46,7,'id','text','Id',1,0,0,0,0,0,'{}',1),(47,7,'user_id','text','User Id',1,0,0,0,0,0,'{}',2),(48,7,'product_id','text','Product Id',1,0,0,0,0,0,'{}',4),(49,7,'quantity','text','Quantity',1,1,1,0,0,1,'{}',6),(50,7,'amount','text','Amount',1,1,1,0,0,0,'{}',7),(51,7,'status','text','Status',1,1,1,1,0,1,'{}',8),(52,7,'created_at','timestamp','Created At',0,1,1,0,0,1,'{}',9),(53,7,'updated_at','timestamp','Updated At',0,0,0,0,0,0,'{}',10),(54,7,'remark','text','Remark',0,1,1,1,1,1,'{}',11),(55,7,'transaction_belongsto_user_relationship','relationship','users',0,1,1,0,0,0,'{\"model\":\"App\\\\User\",\"table\":\"users\",\"type\":\"belongsTo\",\"column\":\"user_id\",\"key\":\"id\",\"label\":\"name\",\"pivot_table\":\"blog_posts\",\"pivot\":\"0\",\"taggable\":\"0\"}',3),(56,7,'transaction_belongsto_product_relationship','relationship','products',0,1,1,0,0,1,'{\"model\":\"App\\\\Product\",\"table\":\"products\",\"type\":\"belongsTo\",\"column\":\"id\",\"key\":\"id\",\"label\":\"product_name\",\"pivot_table\":\"blog_posts\",\"pivot\":\"0\",\"taggable\":\"0\"}',5);
/*!40000 ALTER TABLE `data_rows` ENABLE KEYS */;
UNLOCK TABLES;

--
-- Table structure for table `data_types`
--

DROP TABLE IF EXISTS `data_types`;
/*!40101 SET @saved_cs_client     = @@character_set_client */;
/*!40101 SET character_set_client = utf8 */;
CREATE TABLE `data_types` (
  `id` int(10) unsigned NOT NULL AUTO_INCREMENT,
  `name` varchar(191) COLLATE utf8mb4_unicode_ci NOT NULL,
  `slug` varchar(191) COLLATE utf8mb4_unicode_ci NOT NULL,
  `display_name_singular` varchar(191) COLLATE utf8mb4_unicode_ci NOT NULL,
  `display_name_plural` varchar(191) COLLATE utf8mb4_unicode_ci NOT NULL,
  `icon` varchar(191) COLLATE utf8mb4_unicode_ci DEFAULT NULL,
  `model_name` varchar(191) COLLATE utf8mb4_unicode_ci DEFAULT NULL,
  `policy_name` varchar(191) COLLATE utf8mb4_unicode_ci DEFAULT NULL,
  `controller` varchar(191) COLLATE utf8mb4_unicode_ci DEFAULT NULL,
  `description` varchar(191) COLLATE utf8mb4_unicode_ci DEFAULT NULL,
  `generate_permissions` tinyint(1) NOT NULL DEFAULT '0',
  `server_side` tinyint(4) NOT NULL DEFAULT '0',
  `details` text COLLATE utf8mb4_unicode_ci,
  `created_at` timestamp NULL DEFAULT NULL,
  `updated_at` timestamp NULL DEFAULT NULL,
  PRIMARY KEY (`id`),
  UNIQUE KEY `data_types_name_unique` (`name`),
  UNIQUE KEY `data_types_slug_unique` (`slug`)
) ENGINE=InnoDB AUTO_INCREMENT=8 DEFAULT CHARSET=utf8mb4 COLLATE=utf8mb4_unicode_ci;
/*!40101 SET character_set_client = @saved_cs_client */;

--
-- Dumping data for table `data_types`
--

LOCK TABLES `data_types` WRITE;
/*!40000 ALTER TABLE `data_types` DISABLE KEYS */;
INSERT INTO `data_types` VALUES (1,'users','users','User','Users','voyager-person','TCG\\Voyager\\Models\\User','TCG\\Voyager\\Policies\\UserPolicy','TCG\\Voyager\\Http\\Controllers\\VoyagerUserController','',1,0,NULL,'2019-05-10 00:07:14','2019-05-10 00:07:14'),(2,'menus','menus','Menu','Menus','voyager-list','TCG\\Voyager\\Models\\Menu',NULL,'','',1,0,NULL,'2019-05-10 00:07:14','2019-05-10 00:07:14'),(3,'roles','roles','Role','Roles','voyager-lock','TCG\\Voyager\\Models\\Role',NULL,'','',1,0,NULL,'2019-05-10 00:07:14','2019-05-10 00:07:14'),(4,'categories','categories','Category','Categories','voyager-categories','App\\Category',NULL,NULL,NULL,1,0,'{\"order_column\":null,\"order_display_column\":null,\"order_direction\":\"asc\",\"default_search_key\":null,\"scope\":null}','2019-05-10 00:14:08','2019-05-10 00:42:27'),(5,'customers','customers','Customer','Customers','voyager-people','App\\Customer',NULL,NULL,NULL,1,0,'{\"order_column\":null,\"order_display_column\":null,\"order_direction\":\"asc\",\"default_search_key\":null,\"scope\":null}','2019-05-10 00:19:17','2019-05-10 00:22:43'),(6,'products','products','Product','Products','voyager-pizza','App\\Product',NULL,NULL,NULL,1,0,'{\"order_column\":null,\"order_display_column\":null,\"order_direction\":\"asc\",\"default_search_key\":null,\"scope\":null}','2019-05-10 00:33:10','2019-05-10 00:38:41'),(7,'transactions','transactions','Transaction','Transactions',NULL,'App\\Transaction',NULL,NULL,NULL,1,0,'{\"order_column\":null,\"order_display_column\":null,\"order_direction\":\"asc\",\"default_search_key\":null,\"scope\":null}','2019-05-10 09:27:47','2019-05-10 11:01:50');
/*!40000 ALTER TABLE `data_types` ENABLE KEYS */;
UNLOCK TABLES;

--
-- Table structure for table `menu_items`
--

DROP TABLE IF EXISTS `menu_items`;
/*!40101 SET @saved_cs_client     = @@character_set_client */;
/*!40101 SET character_set_client = utf8 */;
CREATE TABLE `menu_items` (
  `id` int(10) unsigned NOT NULL AUTO_INCREMENT,
  `menu_id` int(10) unsigned DEFAULT NULL,
  `title` varchar(191) COLLATE utf8mb4_unicode_ci NOT NULL,
  `url` varchar(191) COLLATE utf8mb4_unicode_ci NOT NULL,
  `target` varchar(191) COLLATE utf8mb4_unicode_ci NOT NULL DEFAULT '_self',
  `icon_class` varchar(191) COLLATE utf8mb4_unicode_ci DEFAULT NULL,
  `color` varchar(191) COLLATE utf8mb4_unicode_ci DEFAULT NULL,
  `parent_id` int(11) DEFAULT NULL,
  `order` int(11) NOT NULL,
  `created_at` timestamp NULL DEFAULT NULL,
  `updated_at` timestamp NULL DEFAULT NULL,
  `route` varchar(191) COLLATE utf8mb4_unicode_ci DEFAULT NULL,
  `parameters` text COLLATE utf8mb4_unicode_ci,
  PRIMARY KEY (`id`),
  KEY `menu_items_menu_id_foreign` (`menu_id`),
  CONSTRAINT `menu_items_menu_id_foreign` FOREIGN KEY (`menu_id`) REFERENCES `menus` (`id`) ON DELETE CASCADE
) ENGINE=InnoDB AUTO_INCREMENT=16 DEFAULT CHARSET=utf8mb4 COLLATE=utf8mb4_unicode_ci;
/*!40101 SET character_set_client = @saved_cs_client */;

--
-- Dumping data for table `menu_items`
--

LOCK TABLES `menu_items` WRITE;
/*!40000 ALTER TABLE `menu_items` DISABLE KEYS */;
INSERT INTO `menu_items` VALUES (1,1,'Dashboard','','_self','voyager-boat',NULL,NULL,1,'2019-05-10 00:07:14','2019-05-10 00:07:14','voyager.dashboard',NULL),(2,1,'Media','','_self','voyager-images',NULL,NULL,5,'2019-05-10 00:07:14','2019-05-10 00:07:14','voyager.media.index',NULL),(3,1,'Users','','_self','voyager-person',NULL,NULL,3,'2019-05-10 00:07:14','2019-05-10 00:07:14','voyager.users.index',NULL),(4,1,'Roles','','_self','voyager-lock',NULL,NULL,2,'2019-05-10 00:07:14','2019-05-10 00:07:14','voyager.roles.index',NULL),(5,1,'Tools','','_self','voyager-tools',NULL,NULL,9,'2019-05-10 00:07:14','2019-05-10 00:07:14',NULL,NULL),(6,1,'Menu Builder','','_self','voyager-list',NULL,5,10,'2019-05-10 00:07:14','2019-05-10 00:07:14','voyager.menus.index',NULL),(7,1,'Database','','_self','voyager-data',NULL,5,11,'2019-05-10 00:07:14','2019-05-10 00:07:14','voyager.database.index',NULL),(8,1,'Compass','','_self','voyager-compass',NULL,5,12,'2019-05-10 00:07:14','2019-05-10 00:07:14','voyager.compass.index',NULL),(9,1,'BREAD','','_self','voyager-bread',NULL,5,13,'2019-05-10 00:07:14','2019-05-10 00:07:14','voyager.bread.index',NULL),(10,1,'Settings','','_self','voyager-settings',NULL,NULL,14,'2019-05-10 00:07:14','2019-05-10 00:07:14','voyager.settings.index',NULL),(11,1,'Hooks','','_self','voyager-hook',NULL,5,13,'2019-05-10 00:07:16','2019-05-10 00:07:16','voyager.hooks',NULL),(12,1,'Categories','','_self','voyager-categories','#000000',NULL,15,'2019-05-10 00:14:08','2019-05-10 00:43:48','voyager.categories.index','null'),(13,1,'Customers','','_self','voyager-people',NULL,NULL,16,'2019-05-10 00:19:18','2019-05-10 00:19:18','voyager.customers.index',NULL),(14,1,'Products','','_self','voyager-pizza',NULL,NULL,17,'2019-05-10 00:33:10','2019-05-10 00:33:10','voyager.products.index',NULL),(15,1,'Transactions','','_self','voyager-file-text','#000000',NULL,18,'2019-05-10 09:27:47','2019-05-10 10:04:48','voyager.transactions.index','null');
/*!40000 ALTER TABLE `menu_items` ENABLE KEYS */;
UNLOCK TABLES;

--
-- Table structure for table `menus`
--

DROP TABLE IF EXISTS `menus`;
/*!40101 SET @saved_cs_client     = @@character_set_client */;
/*!40101 SET character_set_client = utf8 */;
CREATE TABLE `menus` (
  `id` int(10) unsigned NOT NULL AUTO_INCREMENT,
  `name` varchar(191) COLLATE utf8mb4_unicode_ci NOT NULL,
  `created_at` timestamp NULL DEFAULT NULL,
  `updated_at` timestamp NULL DEFAULT NULL,
  PRIMARY KEY (`id`),
  UNIQUE KEY `menus_name_unique` (`name`)
) ENGINE=InnoDB AUTO_INCREMENT=2 DEFAULT CHARSET=utf8mb4 COLLATE=utf8mb4_unicode_ci;
/*!40101 SET character_set_client = @saved_cs_client */;

--
-- Dumping data for table `menus`
--

LOCK TABLES `menus` WRITE;
/*!40000 ALTER TABLE `menus` DISABLE KEYS */;
INSERT INTO `menus` VALUES (1,'admin','2019-05-10 07:22:43','2019-05-10 07:22:43');
/*!40000 ALTER TABLE `menus` ENABLE KEYS */;
UNLOCK TABLES;

--
-- Table structure for table `messages`
--

DROP TABLE IF EXISTS `messages`;
/*!40101 SET @saved_cs_client     = @@character_set_client */;
/*!40101 SET character_set_client = utf8 */;
CREATE TABLE `messages` (
  `id` bigint(20) unsigned NOT NULL AUTO_INCREMENT,
  `message` text COLLATE utf8mb4_unicode_ci NOT NULL,
  `from` bigint(20) unsigned NOT NULL,
  `to` bigint(20) unsigned NOT NULL,
  `created_at` timestamp NULL DEFAULT NULL,
  `updated_at` timestamp NULL DEFAULT NULL,
  PRIMARY KEY (`id`)
) ENGINE=InnoDB DEFAULT CHARSET=utf8mb4 COLLATE=utf8mb4_unicode_ci;
/*!40101 SET character_set_client = @saved_cs_client */;

--
-- Dumping data for table `messages`
--

LOCK TABLES `messages` WRITE;
/*!40000 ALTER TABLE `messages` DISABLE KEYS */;
/*!40000 ALTER TABLE `messages` ENABLE KEYS */;
UNLOCK TABLES;

--
-- Table structure for table `migrations`
--

DROP TABLE IF EXISTS `migrations`;
/*!40101 SET @saved_cs_client     = @@character_set_client */;
/*!40101 SET character_set_client = utf8 */;
CREATE TABLE `migrations` (
  `id` int(10) unsigned NOT NULL AUTO_INCREMENT,
  `migration` varchar(191) COLLATE utf8mb4_unicode_ci NOT NULL,
  `batch` int(11) NOT NULL,
  PRIMARY KEY (`id`)
) ENGINE=InnoDB AUTO_INCREMENT=367 DEFAULT CHARSET=utf8mb4 COLLATE=utf8mb4_unicode_ci;
/*!40101 SET character_set_client = @saved_cs_client */;

--
-- Dumping data for table `migrations`
--

LOCK TABLES `migrations` WRITE;
/*!40000 ALTER TABLE `migrations` DISABLE KEYS */;
INSERT INTO `migrations` VALUES (27,'2018_04_18_000000_create_blog_posts_table',3),(28,'2018_04_18_000000_create_pages_table',3),(29,'2018_04_19_224316_add_fields_to_pages_table',3),(30,'2018_05_09_000000_create_categories_table',3),(31,'2018_05_11_000000_remove_blog_keywords_field',3),(32,'2018_05_11_000001_remove_pages_keywords_field',3),(337,'2014_10_12_000000_create_users_table',4),(338,'2014_10_12_100000_create_password_resets_table',4),(339,'2016_01_01_000000_add_voyager_user_fields',4),(340,'2016_01_01_000000_create_data_types_table',4),(341,'2016_01_01_000000_create_pages_table',4),(342,'2016_01_01_000000_create_posts_table',4),(343,'2016_02_15_204651_create_categories_table',4),(344,'2016_05_19_173453_create_menu_table',4),(345,'2016_10_21_190000_create_roles_table',4),(346,'2016_10_21_190000_create_settings_table',4),(347,'2016_11_30_135954_create_permission_table',4),(348,'2016_11_30_141208_create_permission_role_table',4),(349,'2016_12_26_201236_data_types__add__server_side',4),(350,'2017_01_13_000000_add_route_to_menu_items_table',4),(351,'2017_01_14_005015_create_translations_table',4),(352,'2017_01_15_000000_make_table_name_nullable_in_permissions_table',4),(353,'2017_03_06_000000_add_controller_to_data_types_table',4),(354,'2017_04_11_000000_alter_post_nullable_fields_table',4),(355,'2017_04_21_000000_add_order_to_data_rows_table',4),(356,'2017_07_05_210000_add_policyname_to_data_types_table',4),(357,'2017_08_05_000000_add_group_to_settings_table',4),(358,'2017_11_26_013050_add_user_role_relationship',4),(359,'2017_11_26_015000_create_user_roles_table',4),(360,'2018_03_11_000000_add_user_settings',4),(361,'2018_03_14_000000_add_details_to_data_types_table',4),(362,'2018_03_16_000000_make_settings_value_nullable',4),(363,'2019_05_09_223459_create_products_table',4),(364,'2019_05_09_224107_create_transactions_table',4),(365,'2019_05_09_224642_create_customers_table',4),(366,'2019_05_09_225657_create_messages_table',4);
/*!40000 ALTER TABLE `migrations` ENABLE KEYS */;
UNLOCK TABLES;

--
-- Table structure for table `pages`
--

DROP TABLE IF EXISTS `pages`;
/*!40101 SET @saved_cs_client     = @@character_set_client */;
/*!40101 SET character_set_client = utf8 */;
CREATE TABLE `pages` (
  `id` int(10) unsigned NOT NULL AUTO_INCREMENT,
  `author_id` int(11) NOT NULL,
  `title` varchar(191) COLLATE utf8mb4_unicode_ci NOT NULL,
  `excerpt` text COLLATE utf8mb4_unicode_ci,
  `body` text COLLATE utf8mb4_unicode_ci,
  `image` varchar(191) COLLATE utf8mb4_unicode_ci DEFAULT NULL,
  `slug` varchar(191) COLLATE utf8mb4_unicode_ci NOT NULL,
  `meta_description` text COLLATE utf8mb4_unicode_ci,
  `meta_keywords` text COLLATE utf8mb4_unicode_ci,
  `status` enum('ACTIVE','INACTIVE') COLLATE utf8mb4_unicode_ci NOT NULL DEFAULT 'INACTIVE',
  `created_at` timestamp NULL DEFAULT NULL,
  `updated_at` timestamp NULL DEFAULT NULL,
  PRIMARY KEY (`id`),
  UNIQUE KEY `pages_slug_unique` (`slug`)
) ENGINE=InnoDB DEFAULT CHARSET=utf8mb4 COLLATE=utf8mb4_unicode_ci;
/*!40101 SET character_set_client = @saved_cs_client */;

--
-- Dumping data for table `pages`
--

LOCK TABLES `pages` WRITE;
/*!40000 ALTER TABLE `pages` DISABLE KEYS */;
/*!40000 ALTER TABLE `pages` ENABLE KEYS */;
UNLOCK TABLES;

--
-- Table structure for table `password_resets`
--

DROP TABLE IF EXISTS `password_resets`;
/*!40101 SET @saved_cs_client     = @@character_set_client */;
/*!40101 SET character_set_client = utf8 */;
CREATE TABLE `password_resets` (
  `email` varchar(191) COLLATE utf8mb4_unicode_ci NOT NULL,
  `token` varchar(191) COLLATE utf8mb4_unicode_ci NOT NULL,
  `created_at` timestamp NULL DEFAULT NULL,
  KEY `password_resets_email_index` (`email`)
) ENGINE=InnoDB DEFAULT CHARSET=utf8mb4 COLLATE=utf8mb4_unicode_ci;
/*!40101 SET character_set_client = @saved_cs_client */;

--
-- Dumping data for table `password_resets`
--

LOCK TABLES `password_resets` WRITE;
/*!40000 ALTER TABLE `password_resets` DISABLE KEYS */;
/*!40000 ALTER TABLE `password_resets` ENABLE KEYS */;
UNLOCK TABLES;

--
-- Table structure for table `permission_role`
--

DROP TABLE IF EXISTS `permission_role`;
/*!40101 SET @saved_cs_client     = @@character_set_client */;
/*!40101 SET character_set_client = utf8 */;
CREATE TABLE `permission_role` (
  `permission_id` bigint(20) unsigned NOT NULL,
  `role_id` bigint(20) unsigned NOT NULL,
  PRIMARY KEY (`permission_id`,`role_id`),
  KEY `permission_role_permission_id_index` (`permission_id`),
  KEY `permission_role_role_id_index` (`role_id`),
  CONSTRAINT `permission_role_permission_id_foreign` FOREIGN KEY (`permission_id`) REFERENCES `permissions` (`id`) ON DELETE CASCADE,
  CONSTRAINT `permission_role_role_id_foreign` FOREIGN KEY (`role_id`) REFERENCES `roles` (`id`) ON DELETE CASCADE
) ENGINE=InnoDB DEFAULT CHARSET=utf8mb4 COLLATE=utf8mb4_unicode_ci;
/*!40101 SET character_set_client = @saved_cs_client */;

--
-- Dumping data for table `permission_role`
--

LOCK TABLES `permission_role` WRITE;
/*!40000 ALTER TABLE `permission_role` DISABLE KEYS */;
INSERT INTO `permission_role` VALUES (1,1),(1,3),(2,1),(3,1),(4,1),(5,1),(6,1),(7,1),(8,1),(9,1),(10,1),(11,1),(12,1),(13,1),(14,1),(15,1),(16,1),(17,1),(18,1),(19,1),(20,1),(21,1),(22,1),(23,1),(24,1),(25,1),(26,1),(27,1),(27,3),(28,1),(28,3),(29,1),(29,3),(30,1),(30,3),(31,1),(31,3),(32,1),(33,1),(34,1),(35,1),(36,1),(37,1),(38,1),(39,1),(40,1),(41,1),(42,1),(42,3),(43,1),(43,3),(44,1),(44,3),(45,1),(46,1);
/*!40000 ALTER TABLE `permission_role` ENABLE KEYS */;
UNLOCK TABLES;

--
-- Table structure for table `permissions`
--

DROP TABLE IF EXISTS `permissions`;
/*!40101 SET @saved_cs_client     = @@character_set_client */;
/*!40101 SET character_set_client = utf8 */;
CREATE TABLE `permissions` (
  `id` bigint(20) unsigned NOT NULL AUTO_INCREMENT,
  `key` varchar(191) COLLATE utf8mb4_unicode_ci NOT NULL,
  `table_name` varchar(191) COLLATE utf8mb4_unicode_ci DEFAULT NULL,
  `created_at` timestamp NULL DEFAULT NULL,
  `updated_at` timestamp NULL DEFAULT NULL,
  PRIMARY KEY (`id`),
  KEY `permissions_key_index` (`key`)
) ENGINE=InnoDB AUTO_INCREMENT=47 DEFAULT CHARSET=utf8mb4 COLLATE=utf8mb4_unicode_ci;
/*!40101 SET character_set_client = @saved_cs_client */;

--
-- Dumping data for table `permissions`
--

LOCK TABLES `permissions` WRITE;
/*!40000 ALTER TABLE `permissions` DISABLE KEYS */;
INSERT INTO `permissions` VALUES (1,'browse_admin',NULL,'2019-05-10 07:22:43','2019-05-10 07:22:43'),(2,'browse_bread',NULL,'2019-05-10 07:22:43','2019-05-10 07:22:43'),(3,'browse_database',NULL,'2019-05-10 07:22:43','2019-05-10 07:22:43'),(4,'browse_media',NULL,'2019-05-10 07:22:43','2019-05-10 07:22:43'),(5,'browse_compass',NULL,'2019-05-10 07:22:43','2019-05-10 07:22:43'),(6,'browse_menus','menus','2019-05-10 07:22:43','2019-05-10 07:22:43'),(7,'read_menus','menus','2019-05-10 07:22:43','2019-05-10 07:22:43'),(8,'edit_menus','menus','2019-05-10 07:22:43','2019-05-10 07:22:43'),(9,'add_menus','menus','2019-05-10 07:22:43','2019-05-10 07:22:43'),(10,'delete_menus','menus','2019-05-10 07:22:43','2019-05-10 07:22:43'),(11,'browse_roles','roles','2019-05-10 07:22:43','2019-05-10 07:22:43'),(12,'read_roles','roles','2019-05-10 07:22:43','2019-05-10 07:22:43'),(13,'edit_roles','roles','2019-05-10 07:22:43','2019-05-10 07:22:43'),(14,'add_roles','roles','2019-05-10 07:22:43','2019-05-10 07:22:43'),(15,'delete_roles','roles','2019-05-10 07:22:43','2019-05-10 07:22:43'),(16,'browse_users','users','2019-05-10 07:22:43','2019-05-10 07:22:43'),(17,'read_users','users','2019-05-10 07:22:43','2019-05-10 07:22:43'),(18,'edit_users','users','2019-05-10 07:22:44','2019-05-10 07:22:44'),(19,'add_users','users','2019-05-10 07:22:44','2019-05-10 07:22:44'),(20,'delete_users','users','2019-05-10 07:22:44','2019-05-10 07:22:44'),(21,'browse_settings','settings','2019-05-10 07:22:44','2019-05-10 07:22:44'),(22,'read_settings','settings','2019-05-10 07:22:44','2019-05-10 07:22:44'),(23,'edit_settings','settings','2019-05-10 07:22:44','2019-05-10 07:22:44'),(24,'add_settings','settings','2019-05-10 07:22:44','2019-05-10 07:22:44'),(25,'delete_settings','settings','2019-05-10 07:22:44','2019-05-10 07:22:44'),(26,'browse_hooks',NULL,'2019-05-10 07:22:45','2019-05-10 07:22:45'),(27,'browse_products','products','2019-05-10 07:22:43','2019-05-10 07:22:43'),(28,'read_products','products','2019-05-10 07:22:43','2019-05-10 07:22:43'),(29,'edit_products','products','2019-05-10 07:22:43','2019-05-10 07:22:43'),(30,'add_products','products','2019-05-10 07:22:43','2019-05-10 07:22:43'),(31,'delete_products','products','2019-05-10 07:22:43','2019-05-10 07:22:43'),(32,'browse_customers','customers','2019-05-10 07:22:43','2019-05-10 07:22:43'),(33,'read_customers','customers','2019-05-10 07:22:43','2019-05-10 07:22:43'),(34,'edit_customers','customers','2019-05-10 07:22:43','2019-05-10 07:22:43'),(35,'add_customers','customers','2019-05-10 07:22:43','2019-05-10 07:22:43'),(36,'delete_customers','customers','2019-05-10 07:22:43','2019-05-10 07:22:43'),(37,'browse_categories','categories','2019-05-10 07:22:43','2019-05-10 07:22:43'),(38,'read_categories','categories','2019-05-10 07:22:43','2019-05-10 07:22:43'),(39,'edit_categories','categories','2019-05-10 07:22:43','2019-05-10 07:22:43'),(40,'add_categories','categories','2019-05-10 07:22:43','2019-05-10 07:22:43'),(41,'delete_categories','categories','2019-05-10 07:22:43','2019-05-10 07:22:43'),(42,'browse_transactions','transactions','2019-05-10 09:27:47','2019-05-10 09:27:47'),(43,'read_transactions','transactions','2019-05-10 09:27:47','2019-05-10 09:27:47'),(44,'edit_transactions','transactions','2019-05-10 09:27:47','2019-05-10 09:27:47'),(45,'add_transactions','transactions','2019-05-10 09:27:47','2019-05-10 09:27:47'),(46,'delete_transactions','transactions','2019-05-10 09:27:47','2019-05-10 09:27:47');
/*!40000 ALTER TABLE `permissions` ENABLE KEYS */;
UNLOCK TABLES;

--
-- Table structure for table `posts`
--

DROP TABLE IF EXISTS `posts`;
/*!40101 SET @saved_cs_client     = @@character_set_client */;
/*!40101 SET character_set_client = utf8 */;
CREATE TABLE `posts` (
  `id` int(10) unsigned NOT NULL AUTO_INCREMENT,
  `author_id` int(11) NOT NULL,
  `category_id` int(11) DEFAULT NULL,
  `title` varchar(191) COLLATE utf8mb4_unicode_ci NOT NULL,
  `seo_title` varchar(191) COLLATE utf8mb4_unicode_ci DEFAULT NULL,
  `excerpt` text COLLATE utf8mb4_unicode_ci,
  `body` text COLLATE utf8mb4_unicode_ci NOT NULL,
  `image` varchar(191) COLLATE utf8mb4_unicode_ci DEFAULT NULL,
  `slug` varchar(191) COLLATE utf8mb4_unicode_ci NOT NULL,
  `meta_description` text COLLATE utf8mb4_unicode_ci,
  `meta_keywords` text COLLATE utf8mb4_unicode_ci,
  `status` enum('PUBLISHED','DRAFT','PENDING') COLLATE utf8mb4_unicode_ci NOT NULL DEFAULT 'DRAFT',
  `featured` tinyint(1) NOT NULL DEFAULT '0',
  `created_at` timestamp NULL DEFAULT NULL,
  `updated_at` timestamp NULL DEFAULT NULL,
  PRIMARY KEY (`id`),
  UNIQUE KEY `posts_slug_unique` (`slug`)
) ENGINE=InnoDB DEFAULT CHARSET=utf8mb4 COLLATE=utf8mb4_unicode_ci;
/*!40101 SET character_set_client = @saved_cs_client */;

--
-- Dumping data for table `posts`
--

LOCK TABLES `posts` WRITE;
/*!40000 ALTER TABLE `posts` DISABLE KEYS */;
/*!40000 ALTER TABLE `posts` ENABLE KEYS */;
UNLOCK TABLES;

--
-- Table structure for table `products`
--

DROP TABLE IF EXISTS `products`;
/*!40101 SET @saved_cs_client     = @@character_set_client */;
/*!40101 SET character_set_client = utf8 */;
CREATE TABLE `products` (
  `id` bigint(20) unsigned NOT NULL AUTO_INCREMENT,
  `user_id` bigint(20) unsigned NOT NULL,
  `category_id` bigint(20) unsigned NOT NULL,
  `product_name` varchar(191) COLLATE utf8mb4_unicode_ci NOT NULL,
  `product_image` varchar(191) COLLATE utf8mb4_unicode_ci DEFAULT NULL,
  `amount` int(11) NOT NULL,
  `created_at` timestamp NULL DEFAULT NULL,
  `updated_at` timestamp NULL DEFAULT NULL,
  PRIMARY KEY (`id`)
) ENGINE=InnoDB AUTO_INCREMENT=36 DEFAULT CHARSET=utf8mb4 COLLATE=utf8mb4_unicode_ci;
/*!40101 SET character_set_client = @saved_cs_client */;

--
-- Dumping data for table `products`
--

LOCK TABLES `products` WRITE;
/*!40000 ALTER TABLE `products` DISABLE KEYS */;
INSERT INTO `products` VALUES (1,2,5,'similique',NULL,52,'2019-05-10 07:22:03','2019-05-10 07:22:03'),(2,2,6,'sequi',NULL,80,'2019-05-10 07:22:03','2019-05-10 07:22:03'),(3,2,5,'rerum',NULL,73,'2019-05-10 07:22:03','2019-05-10 07:22:03'),(4,2,1,'enim',NULL,91,'2019-05-10 07:22:03','2019-05-10 07:22:03'),(5,2,4,'voluptas',NULL,75,'2019-05-10 07:22:03','2019-05-10 07:22:03'),(6,2,3,'quia',NULL,70,'2019-05-10 07:22:03','2019-05-10 07:22:03'),(7,2,6,'accusamus',NULL,72,'2019-05-10 07:22:03','2019-05-10 07:22:03'),(8,2,1,'rerum',NULL,54,'2019-05-10 07:22:03','2019-05-10 07:22:03'),(9,2,2,'magni',NULL,84,'2019-05-10 07:22:03','2019-05-10 07:22:03'),(10,2,1,'eveniet',NULL,51,'2019-05-10 07:22:03','2019-05-10 07:22:03'),(11,2,3,'accusamus',NULL,74,'2019-05-10 07:22:03','2019-05-10 07:22:03'),(12,2,5,'dolor',NULL,97,'2019-05-10 07:22:03','2019-05-10 07:22:03'),(13,2,4,'ullam',NULL,55,'2019-05-10 07:22:03','2019-05-10 07:22:03'),(14,2,5,'ad',NULL,71,'2019-05-10 07:22:03','2019-05-10 07:22:03'),(15,2,3,'temporibus',NULL,57,'2019-05-10 07:22:03','2019-05-10 07:22:03'),(16,2,5,'rerum',NULL,87,'2019-05-10 07:22:03','2019-05-10 07:22:03'),(17,2,4,'quia',NULL,57,'2019-05-10 07:22:03','2019-05-10 07:22:03'),(18,2,4,'voluptatem',NULL,68,'2019-05-10 07:22:03','2019-05-10 07:22:03'),(19,2,2,'voluptatem',NULL,83,'2019-05-10 07:22:03','2019-05-10 07:22:03'),(20,2,3,'culpa',NULL,55,'2019-05-10 07:22:03','2019-05-10 07:22:03'),(21,3,5,'enim',NULL,52,'2019-05-10 07:22:03','2019-05-10 07:22:03'),(22,3,5,'et',NULL,65,'2019-05-10 07:22:03','2019-05-10 07:22:03'),(23,3,3,'molestiae',NULL,82,'2019-05-10 07:22:03','2019-05-10 07:22:03'),(24,3,1,'voluptatem',NULL,70,'2019-05-10 07:22:03','2019-05-10 07:22:03'),(25,3,1,'aliquam',NULL,58,'2019-05-10 07:22:03','2019-05-10 07:22:03'),(26,3,4,'esse',NULL,73,'2019-05-10 07:22:03','2019-05-10 07:22:03'),(27,3,3,'quo',NULL,65,'2019-05-10 07:22:03','2019-05-10 07:22:03'),(28,3,6,'itaque',NULL,54,'2019-05-10 07:22:04','2019-05-10 07:22:04'),(29,3,1,'labore',NULL,69,'2019-05-10 07:22:04','2019-05-10 07:22:04'),(30,3,2,'corrupti',NULL,100,'2019-05-10 07:22:04','2019-05-10 07:22:04'),(31,3,2,'maxime',NULL,79,'2019-05-10 07:22:04','2019-05-10 07:22:04'),(32,3,1,'eum',NULL,67,'2019-05-10 07:22:04','2019-05-10 07:22:04'),(33,3,5,'non',NULL,72,'2019-05-10 07:22:04','2019-05-10 07:22:04'),(34,3,4,'odit',NULL,50,'2019-05-10 07:22:04','2019-05-10 07:22:04'),(35,3,5,'quia',NULL,62,'2019-05-10 07:22:04','2019-05-10 07:22:04');
/*!40000 ALTER TABLE `products` ENABLE KEYS */;
UNLOCK TABLES;

--
-- Table structure for table `roles`
--

DROP TABLE IF EXISTS `roles`;
/*!40101 SET @saved_cs_client     = @@character_set_client */;
/*!40101 SET character_set_client = utf8 */;
CREATE TABLE `roles` (
  `id` bigint(20) unsigned NOT NULL AUTO_INCREMENT,
  `name` varchar(191) COLLATE utf8mb4_unicode_ci NOT NULL,
  `display_name` varchar(191) COLLATE utf8mb4_unicode_ci NOT NULL,
  `created_at` timestamp NULL DEFAULT NULL,
  `updated_at` timestamp NULL DEFAULT NULL,
  PRIMARY KEY (`id`),
  UNIQUE KEY `roles_name_unique` (`name`)
) ENGINE=InnoDB AUTO_INCREMENT=4 DEFAULT CHARSET=utf8mb4 COLLATE=utf8mb4_unicode_ci;
/*!40101 SET character_set_client = @saved_cs_client */;

--
-- Dumping data for table `roles`
--

LOCK TABLES `roles` WRITE;
/*!40000 ALTER TABLE `roles` DISABLE KEYS */;
INSERT INTO `roles` VALUES (1,'admin','Administrator','2019-05-10 07:22:00','2019-05-10 07:22:00'),(2,'user','Normal User','2019-05-10 07:22:01','2019-05-10 07:22:01'),(3,'farmer','farmer','2019-05-10 07:22:01','2019-05-10 07:22:01');
/*!40000 ALTER TABLE `roles` ENABLE KEYS */;
UNLOCK TABLES;

--
-- Table structure for table `settings`
--

DROP TABLE IF EXISTS `settings`;
/*!40101 SET @saved_cs_client     = @@character_set_client */;
/*!40101 SET character_set_client = utf8 */;
CREATE TABLE `settings` (
  `id` int(10) unsigned NOT NULL AUTO_INCREMENT,
  `key` varchar(191) COLLATE utf8mb4_unicode_ci NOT NULL,
  `display_name` varchar(191) COLLATE utf8mb4_unicode_ci NOT NULL,
  `value` text COLLATE utf8mb4_unicode_ci,
  `details` text COLLATE utf8mb4_unicode_ci,
  `type` varchar(191) COLLATE utf8mb4_unicode_ci NOT NULL,
  `order` int(11) NOT NULL DEFAULT '1',
  `group` varchar(191) COLLATE utf8mb4_unicode_ci DEFAULT NULL,
  PRIMARY KEY (`id`),
  UNIQUE KEY `settings_key_unique` (`key`)
) ENGINE=InnoDB AUTO_INCREMENT=11 DEFAULT CHARSET=utf8mb4 COLLATE=utf8mb4_unicode_ci;
/*!40101 SET character_set_client = @saved_cs_client */;

--
-- Dumping data for table `settings`
--

LOCK TABLES `settings` WRITE;
/*!40000 ALTER TABLE `settings` DISABLE KEYS */;
INSERT INTO `settings` VALUES (1,'site.title','Site Title','Site Title','','text',1,'Site'),(2,'site.description','Site Description','Site Description','','text',2,'Site'),(3,'site.logo','Site Logo','','','image',3,'Site'),(4,'site.google_analytics_tracking_id','Google Analytics Tracking ID','','','text',4,'Site'),(5,'admin.bg_image','Admin Background Image','','','image',5,'Admin'),(6,'admin.title','Admin Title','Voyager','','text',1,'Admin'),(7,'admin.description','Admin Description','Welcome to Voyager. The Missing Admin for Laravel','','text',2,'Admin'),(8,'admin.loader','Admin Loader','','','image',3,'Admin'),(9,'admin.icon_image','Admin Icon Image','','','image',4,'Admin'),(10,'admin.google_analytics_client_id','Google Analytics Client ID (used for admin dashboard)','','','text',1,'Admin');
/*!40000 ALTER TABLE `settings` ENABLE KEYS */;
UNLOCK TABLES;

--
-- Table structure for table `transactions`
--

DROP TABLE IF EXISTS `transactions`;
/*!40101 SET @saved_cs_client     = @@character_set_client */;
/*!40101 SET character_set_client = utf8 */;
CREATE TABLE `transactions` (
  `id` bigint(20) unsigned NOT NULL AUTO_INCREMENT,
  `user_id` bigint(20) unsigned NOT NULL,
  `product_id` bigint(20) unsigned NOT NULL,
  `quantity` int(11) NOT NULL,
  `amount` int(11) NOT NULL,
  `status` enum('delivered','ordered') COLLATE utf8mb4_unicode_ci NOT NULL DEFAULT 'ordered',
  `created_at` timestamp NULL DEFAULT NULL,
  `updated_at` timestamp NULL DEFAULT NULL,
  `remark` enum('paid','pending') COLLATE utf8mb4_unicode_ci DEFAULT 'pending',
  PRIMARY KEY (`id`)
) ENGINE=InnoDB AUTO_INCREMENT=41 DEFAULT CHARSET=utf8mb4 COLLATE=utf8mb4_unicode_ci;
/*!40101 SET character_set_client = @saved_cs_client */;

--
-- Dumping data for table `transactions`
--

LOCK TABLES `transactions` WRITE;
/*!40000 ALTER TABLE `transactions` DISABLE KEYS */;
INSERT INTO `transactions` VALUES (1,5,6,46,40400,'delivered','2019-05-10 10:01:37','2019-05-10 10:01:37','paid'),(2,13,31,4,82900,'delivered','2019-05-10 10:01:37','2019-05-10 10:01:37','paid'),(3,10,5,78,78000,'delivered','2019-05-10 10:01:37','2019-05-10 10:01:37','paid'),(4,5,27,32,16800,'ordered','2019-05-10 10:01:37','2019-05-10 10:01:37','paid'),(5,5,19,49,83600,'ordered','2019-05-10 10:01:37','2019-05-10 10:01:37','paid'),(6,13,12,9,98900,'ordered','2019-05-10 10:01:37','2019-05-10 10:01:37','paid'),(7,8,21,63,4200,'ordered','2019-05-10 10:01:37','2019-05-10 10:01:37','paid'),(8,5,3,79,54100,'delivered','2019-05-10 10:01:37','2019-05-10 10:01:37','paid'),(9,11,7,9,14000,'delivered','2019-05-10 10:01:37','2019-05-10 10:01:37','paid'),(10,12,20,77,61200,'delivered','2019-05-10 10:01:37','2019-05-10 10:01:37','paid'),(11,10,13,28,15800,'delivered','2019-05-10 10:01:37','2019-05-10 10:01:37','paid'),(12,13,23,26,50400,'ordered','2019-05-10 10:01:37','2019-05-10 10:01:37','paid'),(13,8,11,54,74600,'delivered','2019-05-10 10:01:37','2019-05-10 10:01:37','paid'),(14,6,32,63,80000,'ordered','2019-05-10 10:01:37','2019-05-10 10:01:37','paid'),(15,10,2,9,76900,'ordered','2019-05-10 10:01:37','2019-05-10 10:01:37','paid'),(16,7,7,57,71300,'ordered','2019-05-10 10:01:37','2019-05-10 10:01:37','paid'),(17,4,22,26,57100,'delivered','2019-05-10 10:01:37','2019-05-10 10:01:37','paid'),(18,13,32,11,28300,'delivered','2019-05-10 10:01:37','2019-05-10 10:01:37','paid'),(19,6,11,8,85400,'ordered','2019-05-10 10:01:37','2019-05-10 10:01:37','paid'),(20,5,6,29,91700,'delivered','2019-05-10 10:01:37','2019-05-10 10:01:37','paid'),(21,11,34,60,85100,'ordered','2019-05-10 10:01:37','2019-05-10 10:01:37','paid'),(22,7,22,6,64000,'ordered','2019-05-10 10:01:37','2019-05-10 10:01:37','paid'),(23,12,33,54,98100,'ordered','2019-05-10 10:01:37','2019-05-10 10:01:37','paid'),(24,8,29,28,30500,'ordered','2019-05-10 10:01:37','2019-05-10 10:01:37','paid'),(25,9,23,33,85800,'delivered','2019-05-10 10:01:37','2019-05-10 10:01:37','paid'),(26,8,12,19,98600,'delivered','2019-05-10 10:01:37','2019-05-10 10:01:37','paid'),(27,11,19,61,12000,'ordered','2019-05-10 10:01:37','2019-05-10 10:01:37','paid'),(28,4,11,32,43700,'delivered','2019-05-10 10:01:37','2019-05-10 10:01:37','paid'),(29,13,6,76,76000,'delivered','2019-05-10 10:01:37','2019-05-10 10:01:37','paid'),(30,12,12,12,7600,'delivered','2019-05-10 10:01:37','2019-05-10 10:01:37','paid'),(31,10,32,58,88200,'delivered','2019-05-10 10:01:37','2019-05-10 10:01:37','paid'),(32,5,12,25,86900,'ordered','2019-05-10 10:01:37','2019-05-10 10:01:37','paid'),(33,13,2,23,1500,'ordered','2019-05-10 10:01:37','2019-05-10 10:01:37','paid'),(34,10,34,58,86200,'ordered','2019-05-10 10:01:37','2019-05-10 10:01:37','paid'),(35,9,22,77,10100,'ordered','2019-05-10 10:01:37','2019-05-10 10:01:37','paid'),(36,11,20,45,17200,'delivered','2019-05-10 10:01:38','2019-05-10 10:01:38','paid'),(37,6,21,7,15400,'ordered','2019-05-10 10:01:38','2019-05-10 10:01:38','paid'),(38,8,16,19,41700,'ordered','2019-05-10 10:01:38','2019-05-10 10:01:38','paid'),(39,8,19,44,70500,'ordered','2019-05-10 10:01:38','2019-05-10 10:01:38','paid'),(40,8,4,1,80200,'delivered','2019-05-10 10:01:38','2019-05-10 10:01:38','paid');
/*!40000 ALTER TABLE `transactions` ENABLE KEYS */;
UNLOCK TABLES;

--
-- Table structure for table `translations`
--

DROP TABLE IF EXISTS `translations`;
/*!40101 SET @saved_cs_client     = @@character_set_client */;
/*!40101 SET character_set_client = utf8 */;
CREATE TABLE `translations` (
  `id` int(10) unsigned NOT NULL AUTO_INCREMENT,
  `table_name` varchar(191) COLLATE utf8mb4_unicode_ci NOT NULL,
  `column_name` varchar(191) COLLATE utf8mb4_unicode_ci NOT NULL,
  `foreign_key` int(10) unsigned NOT NULL,
  `locale` varchar(191) COLLATE utf8mb4_unicode_ci NOT NULL,
  `value` text COLLATE utf8mb4_unicode_ci NOT NULL,
  `created_at` timestamp NULL DEFAULT NULL,
  `updated_at` timestamp NULL DEFAULT NULL,
  PRIMARY KEY (`id`),
  UNIQUE KEY `translations_table_name_column_name_foreign_key_locale_unique` (`table_name`,`column_name`,`foreign_key`,`locale`)
) ENGINE=InnoDB DEFAULT CHARSET=utf8mb4 COLLATE=utf8mb4_unicode_ci;
/*!40101 SET character_set_client = @saved_cs_client */;

--
-- Dumping data for table `translations`
--

LOCK TABLES `translations` WRITE;
/*!40000 ALTER TABLE `translations` DISABLE KEYS */;
/*!40000 ALTER TABLE `translations` ENABLE KEYS */;
UNLOCK TABLES;

--
-- Table structure for table `user_roles`
--

DROP TABLE IF EXISTS `user_roles`;
/*!40101 SET @saved_cs_client     = @@character_set_client */;
/*!40101 SET character_set_client = utf8 */;
CREATE TABLE `user_roles` (
  `user_id` bigint(20) unsigned NOT NULL,
  `role_id` bigint(20) unsigned NOT NULL,
  PRIMARY KEY (`user_id`,`role_id`),
  KEY `user_roles_user_id_index` (`user_id`),
  KEY `user_roles_role_id_index` (`role_id`),
  CONSTRAINT `user_roles_role_id_foreign` FOREIGN KEY (`role_id`) REFERENCES `roles` (`id`) ON DELETE CASCADE,
  CONSTRAINT `user_roles_user_id_foreign` FOREIGN KEY (`user_id`) REFERENCES `users` (`id`) ON DELETE CASCADE
) ENGINE=InnoDB DEFAULT CHARSET=utf8mb4 COLLATE=utf8mb4_unicode_ci;
/*!40101 SET character_set_client = @saved_cs_client */;

--
-- Dumping data for table `user_roles`
--

LOCK TABLES `user_roles` WRITE;
/*!40000 ALTER TABLE `user_roles` DISABLE KEYS */;
/*!40000 ALTER TABLE `user_roles` ENABLE KEYS */;
UNLOCK TABLES;

--
-- Table structure for table `users`
--

DROP TABLE IF EXISTS `users`;
/*!40101 SET @saved_cs_client     = @@character_set_client */;
/*!40101 SET character_set_client = utf8 */;
CREATE TABLE `users` (
  `id` bigint(20) unsigned NOT NULL AUTO_INCREMENT,
  `role_id` bigint(20) unsigned DEFAULT NULL,
  `name` varchar(191) COLLATE utf8mb4_unicode_ci NOT NULL,
  `email` varchar(191) COLLATE utf8mb4_unicode_ci NOT NULL,
  `avatar` varchar(191) COLLATE utf8mb4_unicode_ci DEFAULT 'users/default.png',
  `email_verified_at` timestamp NULL DEFAULT NULL,
  `password` varchar(191) COLLATE utf8mb4_unicode_ci NOT NULL,
  `location` varchar(191) COLLATE utf8mb4_unicode_ci DEFAULT NULL,
  `remember_token` varchar(100) COLLATE utf8mb4_unicode_ci DEFAULT NULL,
  `settings` text COLLATE utf8mb4_unicode_ci,
  `created_at` timestamp NULL DEFAULT NULL,
  `updated_at` timestamp NULL DEFAULT NULL,
  PRIMARY KEY (`id`),
  UNIQUE KEY `users_email_unique` (`email`),
  KEY `users_role_id_foreign` (`role_id`),
  CONSTRAINT `users_role_id_foreign` FOREIGN KEY (`role_id`) REFERENCES `roles` (`id`)
) ENGINE=InnoDB AUTO_INCREMENT=14 DEFAULT CHARSET=utf8mb4 COLLATE=utf8mb4_unicode_ci;
/*!40101 SET character_set_client = @saved_cs_client */;

--
-- Dumping data for table `users`
--

LOCK TABLES `users` WRITE;
/*!40000 ALTER TABLE `users` DISABLE KEYS */;
INSERT INTO `users` VALUES (1,1,'Admin','admin@admin.com','users/default.png',NULL,'$2y$10$HcgM2wlZB3KEPv7EW37yEOreKIa/axQQPsgmY3a4oe9VMbEDASSoa',NULL,'hdDBAR5h5egd9a7AzE4PsKXWI0gXsmQhuQZzm9ZR140kbcS9Kim1kGe1DUnU',NULL,'2019-05-10 07:22:01','2019-05-10 07:22:01'),(2,3,'Glennie Batz','f@s.c','users/default.png',NULL,'$2y$10$WXNClAgDArfT2AwENB.OCO8GexZYPX0vjbXB9NB6UauP71.QjiqnK',NULL,NULL,NULL,'2019-05-10 07:22:01','2019-05-10 07:22:01'),(3,3,'Jonatan Paucek','oschimmel@greenholt.org','users/default.png',NULL,'$2y$10$kX7.zWeMb53WoKitwKteBOzBYKmK/NjFgnn8lSDNIOkKCW2Kvn1Qm',NULL,NULL,NULL,'2019-05-10 07:22:01','2019-05-10 07:22:01'),(4,2,'Douglas Erdman','u@s.c','users/default.png',NULL,'$2y$10$W9NWV6lSfwc2TKvsTX7Mmeqx0TdwBs2Zp8CsLY/R9JE3t1tk8ncrW','telsiai',NULL,NULL,'2019-05-10 07:22:01','2019-05-10 07:22:01'),(5,2,'Idell Hodkiewicz','candelario.brown@lockman.com','users/default.png',NULL,'$2y$10$WD/FwJixRfUnFwO3Z0Dn/eOA/ZxpxIPbH9cGWF3XQE7er3WONwTum','kanuas',NULL,NULL,'2019-05-10 07:22:01','2019-05-10 07:22:01'),(6,2,'Cora Konopelski','modesta79@hotmail.com','users/default.png',NULL,'$2y$10$ngkIPeiftxkDfH73f7DEuuksteXNW8w7xXaR9dp6g/Yv0C8L2Zhy2','kanuas',NULL,NULL,'2019-05-10 07:22:01','2019-05-10 07:22:01'),(7,2,'Vince Feeney','michelle69@goldner.net','users/default.png',NULL,'$2y$10$IZ/KYztYcSjyF9wpfjlrnuTyCWFuT8mrObhp9t410.fRYwyvNGSlS','vilnius',NULL,NULL,'2019-05-10 07:22:02','2019-05-10 07:22:02'),(8,2,'Daryl Gutmann','hhomenick@hotmail.com','users/default.png',NULL,'$2y$10$BOegL0XF5UDhnoi.Hb1iieCe3RMCxwqayg4NWS6jbrGHWmt4lerTW','vilnius',NULL,NULL,'2019-05-10 07:22:02','2019-05-10 07:22:02'),(9,2,'Erling O\'Kon','tony68@yahoo.com','users/default.png',NULL,'$2y$10$UwnCh.sMjOFekGi4jPBIsu0YinowWnpmhx9pwwXn9L1Y3YojlfNj2','kanuas',NULL,NULL,'2019-05-10 07:22:02','2019-05-10 07:22:02'),(10,2,'Tom Jast','bgutmann@hotmail.com','users/default.png',NULL,'$2y$10$OuQDDQSTKsw8JIGMyAdSNuo53uuD0ESwoDAY8Ce3XkIl.mbPdq1G.','vilnius',NULL,NULL,'2019-05-10 07:22:02','2019-05-10 07:22:02'),(11,2,'Ryan Hartmann','gleichner.misty@schultz.com','users/default.png',NULL,'$2y$10$ST0xfRO.FylC1FKexN8TiuxRRNC3QP7DK.Uhneww4GwNPGprds3KO','palanga',NULL,NULL,'2019-05-10 07:22:02','2019-05-10 07:22:02'),(12,2,'Madisen DuBuque','ezequiel45@hotmail.com','users/default.png',NULL,'$2y$10$HV9dtLE.lzUb4pBrd7xYvOe18EmaJFtQd0tg.KazEgpL34g931wZC','kanuas',NULL,NULL,'2019-05-10 07:22:02','2019-05-10 07:22:02'),(13,2,'Roma Champlin','wunsch.hulda@yahoo.com','users/default.png',NULL,'$2y$10$rSR3Ny3xzLNUN62YMg/X.upbOhfTIesoU86QUUxNuoyVbWYoCVj7W','telsiai',NULL,NULL,'2019-05-10 07:22:02','2019-05-10 07:22:02');
/*!40000 ALTER TABLE `users` ENABLE KEYS */;
UNLOCK TABLES;
/*!40103 SET TIME_ZONE=@OLD_TIME_ZONE */;

/*!40101 SET SQL_MODE=@OLD_SQL_MODE */;
/*!40014 SET FOREIGN_KEY_CHECKS=@OLD_FOREIGN_KEY_CHECKS */;
/*!40014 SET UNIQUE_CHECKS=@OLD_UNIQUE_CHECKS */;
/*!40101 SET CHARACTER_SET_CLIENT=@OLD_CHARACTER_SET_CLIENT */;
/*!40101 SET CHARACTER_SET_RESULTS=@OLD_CHARACTER_SET_RESULTS */;
/*!40101 SET COLLATION_CONNECTION=@OLD_COLLATION_CONNECTION */;
/*!40111 SET SQL_NOTES=@OLD_SQL_NOTES */;

-- Dump completed on 2019-05-10 14:08:48
